Monday 12:00am - 2 : 00pm
Tuesday 12:00am - 2 : 00pm
Monday 12:00am - 2 : 00pm
Monday 12:00am - 2 : 00pm
Monday 12:00am - 2 : 00pm
Monday 12:00am - 2 : 00pm
Monday 12:00am - 2 : 00pm
Monday 12:00am - 2 : 00pm
Monday 12:00am - 2 : 00pm
Monday 12:00am - 2 : 00pm
Monday 12:00am - 2 : 00pm
Monday 12:00am - 2 : 00pm
Monday 12:00am - 2 : 00pm
Monday 12:00am - 2 : 00pm
Monday 12:00am - 2 : 00pm
Tuesday 12:00am - 2 : 00pm
Thursday 12:00am - 2 : 00pm
Friday 12:00am - 2 : 00pm
Friday 12:00am - 2 : 00pm
Thursday 12:00am - 2 : 00pm
Wednesday 12:00am - 2 : 00pm
Tuesday 12:00am - 2 : 00pm
Tuesday 12:00am - 2 : 00pm
Tuesday 12:00am - 2 : 00pm
Monday 12:00am - 2 : 00pm
Monday 12:00am - 2 : 00pm
JohnMonday 12:00am - 2 : 00pm
John,Daave,25/67/45,asd,Monday 12:00am - 2 : 00pm
John,Daave,25/67/45,asd,Monday 9:00am - 4:00pm
John,Daave,25/67/45,asd,Monday 9:00am - 4:00pm
John,Daave,25/67/45,asd,Monday 9:00am - 4:00pm
John,Daave,25/67/45,asd,Monday 9:00am - 4:00pm
John,Daave,25/67/45,asd,Monday 9:00am - 4:00pm
John,Daave,25/67/45,asd,Monday 9:00am - 4:00pm
Lara,banana,237642,sd,Wednesday 9:00am - 4:00pm
